Instrument,Entry_Date,Trade_Type,Exit_Reason,Entry_Price,Exit_Date,Exit_Price,Threshold,SL_Price,Realised_PnL,PnL%,Cum_PnL,Win/Loss,is_win
NIFTY20230727.FUT.NSE,17.0,Long,TP,18844.09,19.0,18985.07,18844.09,18773.6,140.98,0.75,-600.17,Win,True
NIFTY20230727.FUT.NSE,38.0,Long,SL,19740.38,39.0,19666.54,19740.38,19666.54,-73.84,-0.37,-80.16,Loss,False
NIFTY20230831.FUT.NSE,17.0,Long,TP,18940.78,19.0,19082.49,18940.78,18869.93,141.7,0.75,-458.47,Win,True
NIFTY20230831.FUT.NSE,40.0,Short,SL,19761.87,41.0,19836.16,19761.87,19836.16,74.29,0.38,-29.56,Win,True
NIFTY20230831.FUT.NSE,44.0,Short,SL,19547.56,45.0,19621.05,19547.56,19621.05,73.49,0.38,-15.69,Win,True
NIFTY20230831.FUT.NSE,52.0,Long,SL,19527.05,53.0,19454.0,19527.05,19454.0,-73.04,-0.37,732.77,Loss,False
NIFTY20230831.FUT.NSE,54.0,Short,SL,19345.42,55.0,19418.14,19345.42,19418.14,72.73,0.38,472.0,Win,True
NIFTY20230831.FUT.NSE,60.0,Long,SL,19298.43,63.0,19226.24,19298.43,19226.24,-72.19,-0.37,-353.04,Loss,False
NIFTY20230928.FUT.NSE,20.0,Short,SL,19879.88,21.0,19954.61,19879.88,19954.61,74.74,0.38,-389.92,Win,True
NIFTY20230928.FUT.NSE,24.0,Short,SL,19666.76,26.0,19740.7,19666.76,19740.7,73.94,0.38,247.63,Win,True
NIFTY20230928.FUT.NSE,32.0,Long,SL,19644.94,33.0,19571.46,19644.94,19571.46,-73.48,-0.37,502.54,Loss,False
NIFTY20230928.FUT.NSE,34.0,Short,SL,19461.23,35.0,19534.39,19461.23,19534.39,73.16,0.38,146.25,Win,True
NIFTY20230928.FUT.NSE,40.0,Long,TIME,19413.36,43.0,19414.25,19413.36,19340.74,0.89,0.0,65.5,Win,True
NIFTY20230928.FUT.NSE,57.0,Short,TP,19922.12,58.0,19772.33,19922.12,19997.02,-149.79,-0.75,-73.66,Loss,False
NIFTY20230928.FUT.NSE,59.0,Short,SL,19658.98,61.0,19732.89,19658.98,19732.89,73.91,0.38,-94.93,Win,True
NIFTY20231026.FUT.NSE,12.0,Short,TP,19639.08,14.0,19491.42,19639.08,19712.91,-147.66,-0.75,-94.37,Loss,False
NIFTY20231026.FUT.NSE,15.0,Long,TIME,19578.72,18.0,19605.95,19578.72,19505.49,27.23,0.14,-741.15,Win,True
NIFTY20231026.FUT.NSE,20.0,Long,TIME,19505.34,23.0,19516.7,19505.34,19432.38,11.36,0.06,-44.61,Win,True
NIFTY20231026.FUT.NSE,37.0,Short,TP,20037.53,38.0,19886.87,20037.53,20112.86,-150.66,-0.75,-421.01,Loss,False
NIFTY20231026.FUT.NSE,39.0,Short,SL,19773.09,41.0,19847.43,19773.09,19847.43,74.33,0.38,-103.85,Win,True
NIFTY20231026.FUT.NSE,43.0,Long,SL,19686.19,44.0,19612.55,19686.19,19612.55,-73.64,-0.37,-84.17,Loss,False
NIFTY20231026.FUT.NSE,45.0,Short,SL,19522.57,46.0,19595.96,19522.57,19595.96,73.39,0.38,-112.42,Win,True
NIFTY20231026.FUT.NSE,56.0,Short,TP,19634.14,57.0,19486.52,19634.14,19707.95,-147.63,-0.75,76.13,Loss,False
NIFTY20231026.FUT.NSE,58.0,Short,TP,19479.03,59.0,19332.57,19479.03,19552.26,-146.46,-0.75,-167.9,Loss,False
NIFTY20231130.FUT.NSE,13.0,Short,TP,20155.09,14.0,20003.54,20155.09,20230.86,-151.54,-0.75,-70.01,Loss,False
NIFTY20231130.FUT.NSE,15.0,Short,SL,19898.78,17.0,19973.59,19898.78,19973.59,74.81,0.38,-324.18,Win,True
NIFTY20231130.FUT.NSE,19.0,Long,SL,19810.85,20.0,19736.75,19810.85,19736.75,-74.11,-0.37,-651.39,Loss,False
NIFTY20231130.FUT.NSE,21.0,Short,SL,19645.81,22.0,19719.67,19645.81,19719.67,73.86,0.38,31.92,Win,True
NIFTY20231130.FUT.NSE,32.0,Short,TP,19762.77,33.0,19614.18,19762.77,19837.07,-148.59,-0.75,353.95,Loss,False
NIFTY20231130.FUT.NSE,34.0,Short,TP,19605.01,35.0,19457.61,19605.01,19678.72,-147.41,-0.75,-1.16,Loss,False
NIFTY20231130.FUT.NSE,36.0,Short,SL,19176.89,38.0,19248.98,19176.89,19248.98,72.09,0.38,-362.53,Win,True
NIFTY20231228.FUT.NSE,13.0,Short,TP,19871.3,14.0,19721.89,19871.3,19946.0,-149.41,-0.75,-219.42,Loss,False
NIFTY20231228.FUT.NSE,15.0,Short,TP,19709.75,16.0,19561.56,19709.75,19783.85,-148.19,-0.75,-216.32,Loss,False
NIFTY20231228.FUT.NSE,17.0,Short,SL,19278.98,19.0,19351.46,19278.98,19351.46,72.48,0.38,-385.99,Win,True
NIFTY20240125.FUT.NSE,47.0,Long,TP,21654.0,48.0,21816.0,21654.0,21573.0,162.0,0.75,569.95,Win,True
NIFTY20240125.FUT.NSE,50.0,Long,TP,21633.5,53.0,21795.35,21633.5,21552.58,161.85,0.75,805.81,Win,True
NIFTY20240125.FUT.NSE,57.0,Short,SL,21535.58,58.0,21616.54,21535.58,21616.54,80.96,0.38,7.3,Win,True
NIFTY20240229.FUT.NSE,23.0,Long,TP,21792.45,24.0,21955.48,21792.45,21710.93,163.04,0.75,375.95,Win,True
NIFTY20240229.FUT.NSE,26.0,Long,TP,21772.6,29.0,21935.48,21772.6,21691.15,162.89,0.75,781.3,Win,True
NIFTY20240229.FUT.NSE,33.0,Short,SL,21687.5,34.0,21769.03,21687.5,21769.03,81.53,0.38,254.62,Win,True
NIFTY20240229.FUT.NSE,37.0,Long,TP,21405.68,39.0,21565.82,21405.68,21325.61,160.14,0.75,80.81,Win,True
NIFTY20240229.FUT.NSE,50.0,Long,TP,21752.09,51.0,21914.83,21752.09,21670.73,162.73,0.75,534.27,Win,True
NIFTY20240328.FUT.NSE,7.0,Long,TP,21906.98,10.0,22070.87,21906.98,21825.03,163.89,0.75,163.89,Win,True
NIFTY20240328.FUT.NSE,15.0,Long,SL,21886.33,17.0,21804.46,21886.33,21804.46,-81.87,-0.37,-406.05,Loss,False
NIFTY20240328.FUT.NSE,18.0,Long,TP,21552.4,20.0,21713.64,21552.4,21471.78,161.24,0.75,-317.85,Win,True
NIFTY20240328.FUT.NSE,31.0,Long,TP,21896.6,32.0,22060.42,21896.6,21814.7,163.81,0.75,503.95,Win,True
NIFTY20240328.FUT.NSE,43.0,Long,TP,22130.89,44.0,22296.46,22130.89,22048.11,165.57,0.75,81.4,Win,True
NIFTY20240328.FUT.NSE,51.0,Long,SL,22477.4,52.0,22393.32,22477.4,22393.32,-84.08,-0.37,643.96,Loss,False
NIFTY20240328.FUT.NSE,53.0,Long,SL,22158.51,56.0,22075.62,22158.51,22075.62,-82.89,-0.37,574.0,Loss,False
NIFTY20240328.FUT.NSE,57.0,Long,TP,21941.22,58.0,22105.36,21941.22,21859.14,164.15,0.75,171.45,Win,True
NIFTY20240425.FUT.NSE,11.0,Long,TP,22047.18,12.0,22212.12,22047.18,21964.71,164.94,0.75,62.17,Win,True
NIFTY20240425.FUT.NSE,23.0,Long,TP,22266.73,24.0,22433.31,22266.73,22183.44,166.58,0.75,542.53,Win,True
NIFTY20240425.FUT.NSE,31.0,Long,SL,22631.29,32.0,22546.63,22631.29,22546.63,-84.66,-0.37,419.29,Loss,False
NIFTY20240425.FUT.NSE,33.0,Long,SL,22315.4,36.0,22231.93,22315.4,22231.93,-83.47,-0.37,-178.32,Loss,False
NIFTY20240425.FUT.NSE,37.0,Long,TP,22111.09,38.0,22276.51,22111.09,22028.38,165.42,0.75,-255.59,Win,True
NIFTY20240425.FUT.NSE,53.0,Short,TP,22301.41,54.0,22133.73,22301.41,22385.25,-167.68,-0.75,399.27,Loss,False
NIFTY20240425.FUT.NSE,55.0,Long,TP,22110.34,56.0,22275.75,22110.34,22027.63,165.41,0.75,493.53,Win,True
NIFTY20240530.FUT.NSE,9.0,Long,SL,22452.99,12.0,22369.0,22452.99,22369.0,-83.99,-0.37,-21.82,Loss,False
NIFTY20240530.FUT.NSE,13.0,Long,TP,22266.13,14.0,22432.71,22266.13,22182.84,166.58,0.75,-52.84,Win,True
NIFTY20240530.FUT.NSE,29.0,Short,TP,22454.62,30.0,22285.79,22454.62,22539.04,-168.83,-0.75,612.47,Loss,False
NIFTY20240530.FUT.NSE,31.0,Long,TP,22261.62,32.0,22428.16,22261.62,22178.34,166.55,0.75,585.84,Win,True
NIFTY20240530.FUT.NSE,42.0,Short,TP,22493.77,44.0,22324.65,22493.77,22578.34,-169.13,-0.75,-103.63,Loss,False
NIFTY20240530.FUT.NSE,45.0,Long,TP,22130.99,47.0,22296.56,22130.99,22048.21,165.57,0.75,143.54,Win,True
NIFTY20240627.FUT.NSE,10.0,Short,TP,22592.03,11.0,22422.16,22592.03,22676.96,-169.86,-0.75,85.95,Loss,False
NIFTY20240627.FUT.NSE,12.0,Long,TP,22400.26,13.0,22567.84,22400.26,22316.47,167.58,0.75,67.81,Win,True
NIFTY20240627.FUT.NSE,20.0,Long,TP,21962.92,21.0,22127.23,21962.92,21880.76,164.31,0.75,-225.61,Win,True
NIFTY20240829.FUT.NSE,36.0,Short,SL,24520.99,38.0,24613.18,24520.99,24613.18,92.18,0.38,-270.35,Win,True
NIFTY20240829.FUT.NSE,45.0,Short,SL,24042.69,46.0,24133.08,24042.69,24133.08,90.39,0.38,-22.03,Win,True
NIFTY20240926.FUT.NSE,17.0,Short,SL,24657.85,19.0,24750.55,24657.85,24750.55,92.7,0.38,-293.29,Win,True
NIFTY20240926.FUT.NSE,26.0,Short,SL,24170.57,27.0,24261.44,24170.57,24261.44,90.87,0.38,429.86,Win,True
NIFTY20240926.FUT.NSE,49.0,Long,TP,24968.26,52.0,25155.06,24968.26,24874.87,186.79,0.75,721.06,Win,True
NIFTY20241031.FUT.NSE,7.0,Short,SL,24291.32,8.0,24382.64,24291.32,24382.64,91.32,0.38,-263.89,Win,True
NIFTY20241031.FUT.NSE,30.0,Long,SL,25106.11,32.0,25012.2,25106.11,25012.2,-93.91,-0.37,340.14,Loss,False
NIFTY20241031.FUT.NSE,47.0,Short,TP,25904.33,48.0,25709.56,25904.33,26001.71,-194.77,-0.75,375.18,Loss,False
NIFTY20241031.FUT.NSE,49.0,Short,TIME,25110.92,52.0,25117.9,25110.92,25205.32,6.98,0.03,728.04,Win,True
NIFTY20241031.FUT.NSE,57.0,Short,TP,24986.18,59.0,24798.31,24986.18,25080.11,-187.87,-0.75,-21.44,Loss,False
NIFTY20241031.FUT.NSE,60.0,Short,TP,24726.83,61.0,24540.91,24726.83,24819.79,-185.92,-0.75,-280.85,Loss,False
NIFTY20241031.FUT.NSE,62.0,Short,TP,24421.44,63.0,24237.82,24421.44,24513.25,-183.62,-0.75,-536.66,Loss,False
NIFTY20241031.FUT.NSE,64.0,Long,TP,24253.23,65.0,24434.68,24253.23,24162.51,181.45,0.75,-355.21,Win,True
NIFTY20241128.FUT.NSE,23.0,Short,TP,26033.25,24.0,25837.52,26033.25,26131.12,-195.74,-0.75,346.79,Loss,False
NIFTY20241128.FUT.NSE,25.0,Short,TIME,25263.88,28.0,25266.3,25263.88,25358.86,2.42,0.01,614.26,Win,True
NIFTY20241128.FUT.NSE,34.0,Long,SL,25047.51,35.0,24953.82,25047.51,24953.82,-93.69,-0.37,-94.85,Loss,False
NIFTY20241128.FUT.NSE,36.0,Short,TP,24862.39,37.0,24675.45,24862.39,24955.86,-186.94,-0.75,-431.18,Loss,False
NIFTY20241128.FUT.NSE,38.0,Short,TP,24558.0,39.0,24373.35,24558.0,24650.32,-184.65,-0.75,-264.81,Loss,False
NIFTY20241128.FUT.NSE,40.0,Long,TP,24394.13,41.0,24576.63,24394.13,24302.88,182.5,0.75,152.94,Win,True
NIFTY20241128.FUT.NSE,46.0,Long,TP,24174.94,47.0,24355.8,24174.94,24084.51,180.86,0.75,324.4,Win,True
NIFTY20241128.FUT.NSE,52.0,Short,TP,23899.7,53.0,23720.0,23899.7,23989.55,-179.7,-0.75,553.07,Loss,False
NIFTY20241128.FUT.NSE,54.0,Short,TP,23542.7,56.0,23365.68,23542.7,23631.2,-177.01,-0.75,328.12,Loss,False
NIFTY20241128.FUT.NSE,57.0,Long,TP,23407.07,58.0,23582.19,23407.07,23319.51,175.12,0.75,346.57,Win,True
NIFTY20241226.FUT.NSE,14.0,Long,SL,25200.14,15.0,25105.88,25200.14,25105.88,-94.26,-0.37,-155.32,Loss,False
NIFTY20241226.FUT.NSE,16.0,Short,TP,25021.89,17.0,24833.75,25021.89,25115.96,-188.13,-0.75,-594.18,Loss,False
NIFTY20241226.FUT.NSE,18.0,Short,TP,24711.62,19.0,24525.81,24711.62,24804.52,-185.8,-0.75,-479.09,Loss,False
NIFTY20241226.FUT.NSE,20.0,Long,TP,24551.02,21.0,24734.7,24551.02,24459.19,183.67,0.75,-41.94,Win,True
NIFTY20241226.FUT.NSE,26.0,Long,TP,24324.06,27.0,24506.03,24324.06,24233.07,181.98,0.75,611.84,Win,True
NIFTY20241226.FUT.NSE,32.0,Short,TP,24054.06,33.0,23873.21,24054.06,24144.49,-180.86,-0.75,173.09,Loss,False
NIFTY20241226.FUT.NSE,34.0,Short,TP,23685.84,36.0,23507.75,23685.84,23774.88,-178.09,-0.75,-356.41,Loss,False
NIFTY20241226.FUT.NSE,37.0,Long,TP,23560.7,38.0,23736.97,23560.7,23472.57,176.26,0.75,-79.33,Win,True
NIFTY20241226.FUT.NSE,55.0,Short,TP,24356.61,56.0,24173.47,24356.61,24448.17,-183.13,-0.75,310.4,Loss,False
NIFTY20241226.FUT.NSE,57.0,Short,TP,23958.75,58.0,23778.61,23958.75,24048.82,-180.14,-0.75,166.43,Loss,False
NIFTY20250130.FUT.NSE,8.0,Short,TP,24212.07,9.0,24030.02,24212.07,24303.09,-182.05,-0.75,-535.99,Loss,False
NIFTY20250130.FUT.NSE,10.0,Short,TP,23847.93,12.0,23668.62,23847.93,23937.58,-179.31,-0.75,-102.77,Loss,False
NIFTY20250130.FUT.NSE,13.0,Long,TP,23721.21,14.0,23898.67,23721.21,23632.47,177.47,0.75,124.63,Win,True
NIFTY20250130.FUT.NSE,31.0,Short,TP,24546.68,32.0,24362.12,24546.68,24638.96,-184.56,-0.75,401.28,Loss,False
NIFTY20250130.FUT.NSE,33.0,Short,TP,24143.94,34.0,23962.41,24143.94,24234.71,-181.53,-0.75,73.09,Loss,False
NIFTY20250130.FUT.NSE,44.0,Long,SL,23780.35,46.0,23691.4,23780.35,23691.4,-88.95,-0.37,-185.81,Loss,False
NIFTY20250130.FUT.NSE,47.0,Short,TP,23588.98,48.0,23411.62,23588.98,23677.66,-177.36,-0.75,197.82,Loss,False
NIFTY20250130.FUT.NSE,49.0,Long,TP,23220.01,51.0,23393.72,23220.01,23133.15,173.72,0.75,371.54,Win,True
NIFTY20250130.FUT.NSE,55.0,Long,SL,23160.96,57.0,23074.32,23160.96,23074.32,-86.64,-0.37,223.76,Loss,False
NIFTY20250130.FUT.NSE,59.0,Long,TP,22903.57,60.0,23074.91,22903.57,22817.89,171.35,0.75,3.45,Win,True
NIFTY20250227.FUT.NSE,13.0,Short,TP,24697.2,14.0,24511.51,24697.2,24790.05,-185.69,-0.75,-61.06,Loss,False
NIFTY20250227.FUT.NSE,15.0,Short,TP,24295.11,16.0,24112.44,24295.11,24386.44,-182.67,-0.75,-398.99,Loss,False
NIFTY20250227.FUT.NSE,26.0,Long,SL,23916.99,28.0,23827.53,23916.99,23827.53,-89.47,-0.37,524.79,Loss,False
NIFTY20250227.FUT.NSE,29.0,Short,TP,23729.83,30.0,23551.41,23729.83,23819.04,-178.42,-0.75,434.05,Loss,False
NIFTY20250227.FUT.NSE,31.0,Long,TP,23356.3,33.0,23531.03,23356.3,23268.93,174.74,0.75,576.02,Win,True
NIFTY20250227.FUT.NSE,37.0,Long,SL,23293.99,39.0,23206.86,23293.99,23206.86,-87.13,-0.37,-6.32,Loss,False
NIFTY20250227.FUT.NSE,41.0,Long,TP,23025.82,42.0,23198.08,23025.82,22939.69,172.26,0.75,325.2,Win,True
NIFTY20250227.FUT.NSE,53.0,Short,TIME,23095.27,56.0,23026.4,23095.27,23182.09,-68.87,-0.3,505.13,Loss,False
NIFTY20250227.FUT.NSE,58.0,Short,TP,22915.17,61.0,22742.87,22915.17,23001.32,-172.29,-0.75,-168.84,Loss,False
NIFTY20250327.FUT.NSE,7.0,Long,SL,24074.64,9.0,23984.58,24074.64,23984.58,-90.05,-0.37,-353.94,Loss,False
NIFTY20250327.FUT.NSE,10.0,Short,TP,23889.18,11.0,23709.56,23889.18,23978.99,-179.62,-0.75,-93.67,Loss,False
NIFTY20250327.FUT.NSE,12.0,Long,TP,23511.43,14.0,23687.33,23511.43,23423.48,175.9,0.75,81.53,Win,True
NIFTY20250327.FUT.NSE,18.0,Long,SL,23449.68,20.0,23361.96,23449.68,23361.96,-87.72,-0.37,-405.57,Loss,False
NIFTY20250327.FUT.NSE,22.0,Long,TP,23178.3,23.0,23351.7,23178.3,23091.6,173.4,0.75,212.91,Win,True
NIFTY20250327.FUT.NSE,34.0,Short,TIME,23235.57,37.0,23162.05,23235.57,23322.92,-73.52,-0.32,-244.24,Loss,False
NIFTY20250327.FUT.NSE,39.0,Short,SL,23043.6,40.0,23130.23,23043.6,23130.23,86.63,0.38,-178.18,Win,True
NIFTY20250327.FUT.NSE,41.0,Short,TP,23025.64,42.0,22852.52,23025.64,23112.2,-173.13,-0.75,152.07,Loss,False
NIFTY20250327.FUT.NSE,43.0,Short,TP,22687.69,45.0,22517.1,22687.69,22772.98,-170.58,-0.75,-89.18,Loss,False
NIFTY20250327.FUT.NSE,46.0,Short,SL,22224.35,48.0,22307.9,22224.35,22307.9,83.55,0.38,407.95,Win,True
NIFTY20250424.FUT.NSE,9.0,Short,TIME,23382.4,12.0,23304.45,23382.4,23470.3,-77.95,-0.33,-99.77,Loss,False
NIFTY20250424.FUT.NSE,14.0,Short,SL,23193.02,15.0,23280.21,23193.02,23280.21,87.19,0.38,-68.13,Win,True
NIFTY20250424.FUT.NSE,16.0,Short,TP,23168.38,17.0,22994.19,23168.38,23255.48,-174.2,-0.75,-768.38,Loss,False
NIFTY20250424.FUT.NSE,18.0,Short,TP,22837.86,20.0,22666.15,22837.86,22923.72,-171.71,-0.75,-577.28,Loss,False
NIFTY20250424.FUT.NSE,21.0,Short,SL,22375.37,23.0,22459.49,22375.37,22459.49,84.12,0.38,39.51,Win,True
NIFTY20250424.FUT.NSE,41.0,Long,SL,23379.7,42.0,23292.25,23379.7,23292.25,-87.46,-0.37,64.61,Loss,False
NIFTY20250424.FUT.NSE,44.0,Short,TP,22900.75,45.0,22728.57,22900.75,22986.85,-172.19,-0.75,-187.88,Loss,False
NIFTY20250529.FUT.NSE,10.0,Long,TP,22750.89,11.0,22921.09,22750.89,22665.78,170.21,0.75,76.54,Win,True
NIFTY20250529.FUT.NSE,21.0,Long,SL,23496.09,22.0,23408.2,23496.09,23408.2,-87.89,-0.37,-55.97,Loss,False
NIFTY20250529.FUT.NSE,24.0,Short,TP,23022.1,25.0,22849.0,23022.1,23108.65,-173.1,-0.75,173.69,Loss,False
NIFTY20250529.FUT.NSE,44.0,Short,SL,24211.22,45.0,24302.24,24211.22,24302.24,91.02,0.38,-96.86,Win,True
NIFTY20250529.FUT.NSE,54.0,Long,TP,24713.83,55.0,24898.72,24713.83,24621.38,184.89,0.75,656.89,Win,True
NIFTY20250626.FUT.NSE,25.0,Short,SL,24301.69,26.0,24393.05,24301.69,24393.05,91.36,0.38,338.99,Win,True
NIFTY20250626.FUT.NSE,35.0,Long,TP,24819.9,36.0,25005.58,24819.9,24727.05,185.69,0.75,-170.72,Win,True
NIFTY20250626.FUT.NSE,42.0,Short,SL,24764.23,44.0,24857.33,24764.23,24857.33,93.1,0.38,-10.53,Win,True
NIFTY20250626.FUT.NSE,51.0,Long,TIME,24789.22,54.0,24803.1,24789.22,24696.49,13.88,0.06,566.95,Win,True
NIFTY20250731.FUT.NSE,9.0,Short,SL,24449.62,10.0,24541.54,24449.62,24541.54,91.92,0.38,255.81,Win,True
NIFTY20250731.FUT.NSE,19.0,Long,TP,24958.94,20.0,25145.67,24958.94,24865.58,186.73,0.75,-464.66,Win,True
NIFTY20250731.FUT.NSE,26.0,Short,SL,24903.19,28.0,24996.81,24903.19,24996.81,93.62,0.38,618.41,Win,True
NIFTY20250731.FUT.NSE,35.0,Long,TIME,24918.94,38.0,24915.5,24918.94,24825.73,-3.44,-0.01,-434.62,Loss,False
NIFTY20250828.FUT.NSE,11.0,Long,TIME,25032.42,14.0,25017.9,25032.42,24938.79,-14.52,-0.06,53.29,Loss,False
